{"cameraMode":{"drawMode":0,"name":"Shaded","section":"Shading Mode"},"sceneLighting":false,"audioPlay":false,"sceneViewState":{"m_AlwaysRefresh":true,"showFog":true,"showSkybox":false,"showFlares":true,"showImageEffects":true,"showParticleSystems":true,"showVisualEffectGraphs":true,"m_FxEnabled":true},"in2DMode":false,"pivot":{"x":7.130198001861572,"y":4.056424617767334,"z":3.0478484630584719},"rotation":{"x":0.1115349531173706,"y":-0.8635987639427185,"z":0.21848510205745698,"w":0.4407166838645935},"size":0.37604567408561709,"orthographic":false}